[
  {
    "title": "ECMO: Patient & Family Guide",
    "description": "Plain-language overview of ECMO, risks, and daily care (for adults).",
    "category": "ECMO",
    "language": "en",
    "format": "pdf",
    "size": 0,
    "url": "assets/ecmo_guide_en.pdf",
    "tags": [
      "ecmo",
      "intensive care",
      "oxygenation"
    ]
  },
  {
    "title": "Anticoagulation Basics (Arabic)",
    "description": "Why blood thinners are used, safety tips, and follow‑up checklist.",
    "category": "Medications",
    "language": "ar",
    "format": "pdf",
    "size": 0,
    "url": "assets/anticoag_ar.pdf",
    "tags": [
      "warfarin",
      "heparin",
      "safety"
    ]
  },
  {
    "title": "Nutrition on ECMO",
    "description": "What to expect with feeding and nutrition support while on ECMO.",
    "category": "ECMO",
    "language": "en",
    "format": "pdf",
    "size": 0,
    "url": "assets/nutrition_ecmo.pdf",
    "tags": [
      "feeding",
      "icu"
    ]
  }
]